nome_do_problema,solucao
u1817,57201
u2152,64253
vm1084,239297
vm1748,336556
nrw1379,56638
d1655,62128
rl1304,252948
rl1323,270199
rl1889,316536
rl5915,565530
rl5934,556045
d2103,80450
pcb3038,137694
fnl4461,182566
brd14051,469385
usa13509,19982859
rl11849,923288
d15112,1573084
d18512,645238